timezone,temp,humidity,description
2025-02-19 05:40:49,0.76,29,clear sky
2025-02-19 05:49:54,0.76,29,clear sky
2025-02-19 06:41:50,1.76,25,clear sky
2025-02-19 06:53:58,1.76,25,clear sky
2025-02-19 07:27:02,0.76,25,clear sky
2025-02-19 07:39:27,0.76,25,clear sky
2025-02-19 07:52:00,0.76,25,clear sky
2025-02-19 08:39:41,0.76,29,clear sky
2025-02-19 08:52:14,0.76,29,clear sky
2025-02-19 09:30:46,-1.24,29,clear sky
2025-02-19 09:43:08,-1.24,29,clear sky
2025-02-19 09:55:27,-1.24,29,clear sky
2025-02-19 10:38:44,-3.24,39,clear sky
2025-02-19 10:51:05,-3.24,39,clear sky
2025-02-19 11:23:16,-3.24,43,clear sky
2025-02-19 11:38:16,-3.24,43,clear sky
2025-02-19 11:50:34,-3.24,43,clear sky
2025-02-19 13:02:09,-4.24,50,clear sky
2025-02-19 13:35:53,-5.24,50,clear sky
2025-02-19 13:48:20,-5.24,50,clear sky
2025-02-19 14:34:30,-5.24,54,clear sky
2025-02-19 14:47:13,-5.24,54,clear sky
2025-02-19 14:59:16,-5.24,54,clear sky
2025-02-19 15:33:07,-6.24,58,clear sky
2025-02-19 15:45:11,-6.24,58,clear sky
2025-02-19 15:57:17,-6.24,58,clear sky
2025-02-19 16:42:56,-6.24,58,clear sky
2025-02-19 16:54:55,-6.24,58,clear sky
2025-02-19 17:31:53,-8.24,62,clear sky
2025-02-19 17:44:14,-8.24,62,clear sky
2025-02-19 17:56:38,-8.24,62,clear sky
2025-02-19 18:42:50,-8.24,67,clear sky
2025-02-19 18:55:05,-8.24,67,clear sky
2025-02-19 19:20:20,-3.86,41,clear sky
2025-02-19 19:36:47,-9.24,73,clear sky
2025-02-19 19:49:10,-9.24,73,clear sky
2025-02-19 20:31:10,-10.24,85,clear sky
2025-02-19 20:43:24,-10.24,85,clear sky
2025-02-19 20:55:29,-10.24,85,clear sky
2025-02-19 21:26:30,-10.24,85,clear sky
2025-02-19 21:39:23,-10.24,85,clear sky
2025-02-19 21:51:48,-10.24,85,clear sky
2025-02-19 22:30:44,-8.24,73,clear sky
2025-02-19 22:42:38,-8.24,73,clear sky
2025-02-19 22:55:07,-8.24,73,clear sky
2025-02-19 23:27:23,-7.24,73,clear sky
2025-02-19 23:40:07,-7.24,73,clear sky
2025-02-19 23:52:39,-7.24,73,clear sky
2025-02-20 02:53:39,-0.24,32,clear sky
2025-02-20 03:39:30,0.76,29,clear sky
2025-02-20 03:51:33,0.76,29,clear sky
2025-02-20 04:36:09,0.76,29,clear sky
2025-02-20 04:48:15,0.76,29,clear sky
2025-02-20 05:32:20,1.76,27,clear sky
2025-02-20 05:44:31,1.76,27,clear sky
2025-02-20 05:56:50,1.76,27,clear sky
2025-02-20 06:44:02,1.76,27,clear sky
2025-02-20 06:56:19,1.76,27,clear sky
2025-02-20 07:26:52,1.76,27,clear sky
2025-02-20 07:39:19,1.76,27,clear sky
2025-02-20 07:51:20,1.76,27,clear sky
2025-02-20 08:39:15,0.76,23,clear sky
2025-02-20 08:51:31,0.76,23,clear sky
2025-02-20 09:30:41,-1.24,29,clear sky
2025-02-20 09:43:11,-1.24,29,clear sky
2025-02-20 09:55:19,-1.24,29,clear sky
2025-02-20 10:39:03,-2.24,34,clear sky
2025-02-20 10:51:29,-2.24,34,clear sky
2025-02-20 11:23:41,-3.24,36,clear sky
2025-02-20 11:38:51,-3.24,36,clear sky
2025-02-20 11:51:04,-3.24,36,clear sky
2025-02-20 13:04:04,-4.24,39,clear sky
2025-02-20 13:38:37,-5.24,50,clear sky
2025-02-20 13:51:12,-5.24,50,clear sky
2025-02-20 14:36:27,-5.24,54,clear sky
2025-02-20 14:48:44,-5.24,54,clear sky
2025-02-20 15:32:49,-6.24,58,clear sky
2025-02-20 15:45:03,-6.24,58,clear sky
2025-02-20 15:57:20,-6.24,58,clear sky
2025-02-20 16:45:52,-7.24,63,clear sky
2025-02-20 16:57:56,-7.24,63,clear sky
2025-02-20 17:30:22,-6.24,63,clear sky
2025-02-20 17:42:29,-6.24,63,clear sky
2025-02-20 17:54:31,-6.24,63,clear sky
2025-02-20 18:43:10,-7.24,63,clear sky
2025-02-20 18:55:10,-7.24,63,clear sky
2025-02-20 19:22:20,-9.24,62,clear sky
2025-02-20 19:37:44,-9.24,62,clear sky
2025-02-20 19:49:47,-9.24,62,clear sky
2025-02-20 21:27:56,-10.24,79,clear sky
2025-02-20 21:40:05,-10.24,79,clear sky
2025-02-20 21:52:38,-10.24,79,clear sky
2025-02-20 22:32:55,-10.24,85,clear sky
2025-02-20 22:45:12,-10.24,85,clear sky
2025-02-20 22:57:31,-10.24,85,clear sky
2025-02-20 23:29:51,-7.24,73,clear sky
2025-02-20 23:41:53,-7.24,73,clear sky
2025-02-20 23:54:16,-7.24,73,clear sky
2025-02-21 02:54:36,-0.24,32,clear sky
2025-02-21 03:38:09,0.76,32,clear sky
2025-02-21 03:50:12,0.76,32,clear sky
2025-02-21 04:40:28,0.76,32,clear sky
2025-02-21 04:52:29,0.76,32,clear sky
2025-02-21 05:32:22,0.76,32,clear sky
2025-02-21 05:44:23,0.76,32,clear sky
2025-02-21 05:56:36,0.76,32,clear sky
2025-02-21 06:43:49,0.76,37,clear sky
2025-02-21 06:56:04,0.76,37,clear sky
2025-02-21 07:27:08,0.76,40,clear sky
2025-02-21 07:39:13,0.76,40,clear sky
2025-02-21 07:51:38,0.76,40,clear sky
2025-02-21 08:38:03,1.76,30,clear sky
2025-02-21 08:50:09,1.76,30,clear sky
2025-02-21 09:29:44,-0.24,27,clear sky
2025-02-21 09:41:55,-0.24,27,clear sky
2025-02-21 09:53:57,-0.24,27,clear sky
2025-02-21 10:37:55,-2.24,37,clear sky
2025-02-21 10:50:02,-2.24,37,clear sky
2025-02-21 11:25:06,-2.15,33,clear sky
2025-02-21 11:38:52,-2.24,40,clear sky
2025-02-21 11:51:27,-2.24,40,clear sky
2025-02-21 13:03:11,-3.24,46,clear sky
2025-02-21 13:32:33,-4.24,50,clear sky
2025-02-21 13:44:36,-4.24,50,clear sky
2025-02-21 13:56:42,-4.24,50,clear sky
2025-02-21 14:32:39,-4.24,50,clear sky
2025-02-21 14:44:48,-4.24,50,clear sky
2025-02-21 14:57:00,-4.24,50,clear sky
2025-02-21 15:31:31,-4.24,54,clear sky
2025-02-21 15:43:42,-4.24,54,clear sky
2025-02-21 15:55:44,-4.24,54,clear sky
2025-02-21 16:39:56,-5.24,58,clear sky
2025-02-21 16:51:58,-5.24,58,clear sky
2025-02-21 17:27:35,-5.24,63,clear sky
2025-02-21 17:39:52,-5.24,63,clear sky
2025-02-21 17:52:07,-5.24,63,clear sky
2025-02-21 18:40:55,-6.24,73,clear sky
2025-02-21 18:53:08,-6.24,73,clear sky
2025-02-21 19:20:59,-4,38,clear sky
2025-02-21 19:36:50,-7.24,73,clear sky
2025-02-21 19:49:24,-7.24,73,clear sky
2025-02-21 20:29:26,-8.24,86,clear sky
2025-02-21 20:42:31,-8.24,86,clear sky
2025-02-21 20:54:44,-8.24,86,clear sky
2025-02-21 21:24:05,-7.24,73,clear sky
2025-02-21 21:38:10,-7.24,73,clear sky
2025-02-21 21:50:29,-7.24,73,clear sky
2025-02-21 22:32:26,-7.24,79,clear sky
2025-02-21 22:44:30,-7.24,79,clear sky
2025-02-21 22:56:33,-7.24,79,clear sky
2025-02-21 23:28:19,-6.24,73,clear sky
2025-02-21 23:40:40,-6.24,73,clear sky
2025-02-21 23:52:59,-6.24,73,clear sky
2025-02-22 02:38:46,-0.24,34,clear sky
2025-02-22 03:31:25,0.76,34,clear sky
2025-02-22 03:43:21,0.76,34,clear sky
2025-02-22 03:55:46,0.76,34,clear sky
2025-02-22 04:39:28,1.76,32,clear sky
2025-02-22 04:51:33,1.76,32,clear sky
2025-02-22 05:30:41,0.76,34,clear sky
2025-02-22 05:42:45,0.76,34,clear sky
2025-02-22 05:55:09,0.76,34,clear sky
2025-02-22 06:44:09,0.76,37,clear sky
2025-02-22 06:56:14,0.76,37,clear sky
2025-02-22 07:23:53,0.76,37,clear sky
2025-02-22 07:37:21,0.76,37,clear sky
2025-02-22 07:49:24,0.76,37,clear sky
2025-02-22 08:32:22,0.76,37,clear sky
2025-02-22 08:44:47,0.76,37,clear sky
2025-02-22 08:57:09,0.76,37,clear sky
2025-02-22 09:27:55,-0.49,28,clear sky
2025-02-22 09:40:17,-1.24,47,clear sky
2025-02-22 09:52:47,-1.24,47,clear sky
2025-02-22 10:38:31,-1.24,51,clear sky
2025-02-22 10:50:24,-1.24,51,clear sky
2025-02-22 11:19:15,-2.26,34,clear sky
2025-02-22 11:35:10,-2.24,37,clear sky
2025-02-22 11:47:27,-2.24,37,clear sky
2025-02-22 11:59:48,-2.24,37,clear sky
2025-02-22 12:58:29,-4.24,42,clear sky
2025-02-22 13:29:01,-5.24,46,clear sky
2025-02-22 13:41:01,-5.24,46,clear sky
2025-02-22 13:53:33,-5.24,46,clear sky
2025-02-22 14:29:43,-5.24,50,clear sky
2025-02-22 14:41:47,-5.24,50,clear sky
2025-02-22 14:53:51,-5.24,50,clear sky
2025-02-22 15:27:37,-6.24,53,clear sky
2025-02-22 15:39:48,-6.24,53,clear sky
2025-02-22 15:52:31,-6.24,53,clear sky
2025-02-22 16:35:26,-6.24,58,clear sky
2025-02-22 16:47:41,-6.24,58,clear sky
2025-02-22 17:00:09,-6.24,58,clear sky
2025-02-22 17:31:10,-8.24,62,clear sky
2025-02-22 17:43:34,-8.24,62,clear sky
2025-02-22 17:55:40,-8.24,62,clear sky
2025-02-22 18:37:40,-7.24,58,clear sky
2025-02-22 18:49:43,-7.24,58,clear sky
2025-02-22 19:19:02,-4.19,39,clear sky
2025-02-22 19:34:26,-9.24,67,clear sky
2025-02-22 19:46:41,-9.24,67,clear sky
2025-02-22 19:58:46,-9.24,67,clear sky
2025-02-22 20:28:54,-8.24,67,clear sky
2025-02-22 20:41:30,-8.24,67,clear sky
2025-02-22 20:53:47,-8.24,67,clear sky
2025-02-22 21:25:41,-8.24,67,clear sky
2025-02-22 21:38:42,-8.24,67,clear sky
2025-02-22 21:51:06,-8.24,67,clear sky
2025-02-22 22:30:20,-7.24,63,clear sky
2025-02-22 22:42:40,-7.24,63,clear sky
2025-02-22 22:54:56,-7.24,63,clear sky
2025-02-22 23:24:54,-4.93,37,clear sky
2025-02-22 23:39:04,-5.24,58,clear sky
2025-02-22 23:51:37,-5.24,58,clear sky
2025-02-23 02:58:28,-1.24,37,clear sky
2025-02-23 03:39:59,-2.24,34,few clouds
2025-02-23 03:52:13,-2.24,34,few clouds
2025-02-23 04:38:45,-0.24,32,few clouds
2025-02-23 04:51:01,-0.24,32,few clouds
2025-02-23 05:30:57,-0.24,27,clear sky
2025-02-23 05:43:25,-0.24,27,clear sky
2025-02-23 05:55:45,-0.24,27,clear sky
2025-02-23 06:39:29,-0.24,29,clear sky
2025-02-23 06:51:56,-0.24,29,clear sky
2025-02-23 07:25:07,-0.24,34,clear sky
2025-02-23 07:38:09,-0.24,34,clear sky
2025-02-23 07:50:17,-0.24,34,clear sky
2025-02-23 08:33:29,-0.24,29,clear sky
2025-02-23 08:46:24,-0.24,29,clear sky
2025-02-23 08:58:39,-0.24,29,clear sky
2025-02-23 09:30:37,-2.24,34,clear sky
2025-02-23 09:42:55,-2.24,34,clear sky
2025-02-23 09:54:57,-2.24,34,clear sky
2025-02-23 10:35:00,-3.24,36,clear sky
2025-02-23 10:47:08,-3.24,36,clear sky
2025-02-23 10:59:12,-3.24,36,clear sky
2025-02-23 11:23:16,-4.24,42,clear sky
2025-02-23 11:40:00,-4.24,42,clear sky
2025-02-23 11:52:25,-4.24,42,clear sky
2025-02-23 12:59:10,-5.24,50,clear sky
2025-02-23 13:29:30,-5.24,50,clear sky
2025-02-23 13:41:48,-5.24,50,clear sky
2025-02-23 13:54:12,-5.24,50,clear sky
2025-02-23 14:30:38,-6.24,53,clear sky
2025-02-23 14:42:36,-6.24,53,clear sky
2025-02-23 14:54:45,-6.24,53,clear sky
2025-02-23 15:27:38,-6.24,53,clear sky
2025-02-23 15:40:32,-6.24,53,clear sky
2025-02-23 15:52:58,-6.24,53,clear sky
2025-02-23 16:35:41,-6.24,58,clear sky
2025-02-23 16:47:48,-6.24,58,clear sky
2025-02-23 17:00:11,-6.24,58,clear sky
2025-02-23 17:29:19,-8.24,62,clear sky
2025-02-23 17:42:01,-8.24,62,clear sky
2025-02-23 17:54:30,-8.24,62,clear sky
2025-02-23 18:37:48,-8.24,67,clear sky
2025-02-23 18:49:46,-8.24,67,clear sky
2025-02-23 19:18:31,-4,41,clear sky
2025-02-23 19:31:51,-10.24,79,clear sky
2025-02-23 19:43:53,-10.24,79,clear sky
2025-02-23 19:56:20,-10.24,79,clear sky
2025-02-23 20:30:05,-10.24,73,clear sky
2025-02-23 20:42:14,-10.24,73,clear sky
2025-02-23 20:54:36,-10.24,73,clear sky
2025-02-23 21:26:09,-9.24,73,clear sky
2025-02-23 21:38:38,-9.24,73,clear sky
2025-02-23 21:50:59,-9.24,73,clear sky
2025-02-23 22:31:04,-10.24,79,clear sky
2025-02-23 22:43:27,-10.24,79,clear sky
2025-02-23 22:55:34,-10.24,79,clear sky
2025-02-23 23:25:46,-4.24,43,clear sky
2025-02-23 23:39:31,-7.24,68,clear sky
2025-02-23 23:51:55,-7.24,68,clear sky
2025-02-24 02:58:54,0.76,32,clear sky
2025-02-24 03:42:47,1.76,30,clear sky
2025-02-24 03:55:01,1.76,30,clear sky
2025-02-24 04:37:54,2.76,30,clear sky
2025-02-24 04:50:21,2.76,30,clear sky
2025-02-24 05:32:28,3.76,33,clear sky
2025-02-24 05:44:44,3.76,33,clear sky
2025-02-24 05:56:45,3.76,33,clear sky
2025-02-24 06:46:14,3.76,33,clear sky
2025-02-24 06:58:21,3.76,33,clear sky
2025-02-24 07:28:05,3.76,30,clear sky
2025-02-24 07:40:06,3.76,30,clear sky
2025-02-24 07:52:28,3.76,30,clear sky
2025-02-24 08:41:04,3.76,30,clear sky
2025-02-24 08:53:11,3.76,30,clear sky
2025-02-24 09:32:09,1.76,35,clear sky
2025-02-24 09:44:10,1.76,35,clear sky
2025-02-24 09:56:21,1.76,35,clear sky
2025-02-24 10:39:50,0.76,40,clear sky
2025-02-24 10:51:50,0.76,40,clear sky
2025-02-24 11:23:54,0.76,60,clear sky
2025-02-24 11:38:58,0.76,60,clear sky
2025-02-24 11:51:09,0.76,60,clear sky
2025-02-24 13:05:22,0.76,64,clear sky
2025-02-24 13:40:46,-0.24,69,clear sky
2025-02-24 13:53:21,-0.24,69,clear sky
2025-02-24 14:37:45,-2.24,86,clear sky
2025-02-24 14:50:08,-2.24,86,clear sky
2025-02-24 15:33:41,-5.24,93,clear sky
2025-02-24 15:46:19,-5.24,93,clear sky
2025-02-24 15:58:25,-5.24,93,clear sky
2025-02-24 16:47:02,-6.24,100,clear sky
2025-02-24 16:59:11,-6.24,100,clear sky
2025-02-24 17:31:06,-5.24,100,clear sky
2025-02-24 17:43:33,-5.24,100,clear sky
2025-02-24 17:55:39,-5.24,100,clear sky
2025-02-24 18:45:12,-7.24,93,clear sky
2025-02-24 18:57:10,-7.24,93,clear sky
2025-02-24 19:23:25,-0.5,65,few clouds
2025-02-24 19:39:10,-6.24,93,clear sky
2025-02-24 19:51:31,-6.24,93,clear sky
2025-02-24 20:31:40,-7.24,100,clear sky
2025-02-24 20:43:52,-7.24,100,clear sky
2025-02-24 20:55:55,-7.24,100,clear sky
2025-02-24 21:27:03,-7.24,100,clear sky
2025-02-24 21:40:10,-7.24,100,clear sky
2025-02-24 21:52:17,-7.24,100,clear sky
2025-02-24 22:33:34,-6.24,100,clear sky
2025-02-24 22:45:53,-6.24,100,clear sky
2025-02-24 22:57:55,-6.24,100,clear sky
2025-02-24 23:28:35,-3.24,93,clear sky
2025-02-24 23:40:51,-3.24,93,clear sky
2025-02-24 23:53:11,-3.24,93,clear sky
2025-02-25 02:58:10,3.76,60,broken clouds
2025-02-25 03:42:02,5.76,52,broken clouds
2025-02-25 03:54:03,5.76,52,broken clouds
2025-02-25 04:37:45,4.76,56,broken clouds
2025-02-25 04:50:08,4.76,56,broken clouds
2025-02-25 05:32:49,4.76,60,broken clouds
2025-02-25 05:44:53,4.76,60,broken clouds
2025-02-25 05:57:02,4.76,60,broken clouds
2025-02-25 06:45:05,4.76,65,broken clouds
2025-02-25 06:57:08,4.76,65,broken clouds
2025-02-25 07:28:45,5.76,61,broken clouds
2025-02-25 07:40:59,5.76,61,broken clouds
2025-02-25 07:53:22,5.76,61,broken clouds
2025-02-25 08:40:04,4.76,65,broken clouds
2025-02-25 08:52:02,4.76,65,broken clouds
2025-02-25 09:31:51,4.76,70,broken clouds
2025-02-25 09:43:56,4.76,70,broken clouds
2025-02-25 09:56:17,4.76,70,broken clouds
2025-02-25 10:39:52,3.76,75,broken clouds
2025-02-25 10:52:01,3.76,75,broken clouds
2025-02-25 11:25:06,3.76,75,broken clouds
2025-02-25 11:39:34,3.76,75,broken clouds
2025-02-25 11:52:01,3.76,75,broken clouds
2025-02-25 13:05:12,3.76,81,scattered clouds
2025-02-25 13:40:05,1.76,93,scattered clouds
2025-02-25 13:52:43,1.76,93,scattered clouds
2025-02-25 14:38:02,1.76,93,scattered clouds
2025-02-25 14:50:20,1.76,93,scattered clouds
2025-02-25 15:33:13,2.76,93,scattered clouds
2025-02-25 15:45:37,2.76,93,scattered clouds
2025-02-25 15:57:48,2.76,93,scattered clouds
2025-02-25 16:46:17,2.76,93,mist
2025-02-25 16:58:35,2.76,93,mist
2025-02-25 17:37:58,2.76,100,mist
2025-02-25 17:50:16,2.76,100,mist
2025-02-25 18:43:08,2.76,100,mist
2025-02-25 18:55:16,2.76,100,mist
2025-02-25 19:23:08,0.58,80,clear sky
2025-02-25 19:38:28,1.76,100,mist
2025-02-25 19:50:40,1.76,100,mist
2025-02-25 20:31:49,-0.24,100,mist
2025-02-25 20:44:04,-0.24,100,mist
2025-02-25 20:56:27,-0.24,100,mist
2025-02-25 21:28:28,-1.24,93,fog
2025-02-25 21:42:01,-1.24,93,fog
2025-02-25 21:54:17,-1.24,93,fog
2025-02-25 22:35:08,-4.24,100,fog
2025-02-25 22:47:35,-4.24,100,fog
2025-02-25 22:59:50,-4.24,100,fog
2025-02-25 23:28:30,-2.24,93,fog
2025-02-25 23:40:30,-2.24,93,fog
2025-02-25 23:53:04,-2.24,93,fog
2025-02-26 02:56:46,4.76,45,haze
2025-02-26 03:44:40,6.76,26,clear sky
2025-02-26 03:56:43,6.76,26,clear sky
2025-02-26 04:42:44,7.76,17,clear sky
2025-02-26 04:54:42,7.76,17,clear sky
2025-02-26 05:33:55,7.76,21,clear sky
2025-02-26 05:46:21,7.76,21,clear sky
2025-02-26 05:58:32,7.76,21,clear sky
2025-02-26 06:45:40,7.76,19,clear sky
2025-02-26 06:57:56,7.76,19,clear sky
2025-02-26 07:28:06,7.76,18,clear sky
2025-02-26 07:40:06,7.76,18,clear sky
2025-02-26 07:52:09,7.76,18,clear sky
2025-02-26 08:40:26,6.76,19,clear sky
2025-02-26 08:52:58,6.76,19,clear sky
2025-02-26 09:31:55,4.76,22,clear sky
2025-02-26 09:44:01,4.76,22,clear sky
2025-02-26 09:56:13,4.76,22,clear sky
2025-02-26 10:39:43,2.76,23,clear sky
2025-02-26 10:51:57,2.76,23,clear sky
2025-02-26 11:25:04,2.78,40,clear sky
2025-02-26 11:39:06,1.76,27,clear sky
2025-02-26 11:51:11,1.76,27,clear sky
2025-02-26 13:04:44,0.76,37,clear sky
2025-02-26 13:40:01,-0.24,40,clear sky
2025-02-26 13:52:24,-0.24,40,clear sky
2025-02-26 14:37:32,-1.24,51,clear sky
2025-02-26 14:49:52,-1.24,51,clear sky
2025-02-26 15:35:28,-4.24,68,clear sky
2025-02-26 15:48:09,-4.24,68,clear sky
2025-02-26 16:00:35,-4.24,68,clear sky
2025-02-26 16:47:08,-4.24,74,clear sky
2025-02-26 16:59:23,-4.24,74,clear sky
2025-02-26 17:32:34,-5.24,63,clear sky
2025-02-26 17:44:36,-5.24,63,clear sky
2025-02-26 17:56:39,-5.24,63,clear sky
2025-02-26 18:45:28,0.05,55,clear sky
2025-02-26 18:57:24,0.15,57,clear sky
2025-02-26 19:23:14,0.15,57,clear sky
2025-02-26 19:38:53,0.07,56,clear sky
2025-02-26 19:51:22,0.07,56,clear sky
2025-02-26 20:31:38,-6.24,73,clear sky
2025-02-26 20:43:51,-6.24,73,clear sky
2025-02-26 20:55:58,-6.24,73,clear sky
2025-02-26 21:28:45,-6.24,79,clear sky
2025-02-26 21:40:58,-6.24,79,clear sky
2025-02-26 21:53:15,-6.24,79,clear sky
2025-02-26 22:34:36,-6.24,86,clear sky
2025-02-26 22:47:13,-6.24,86,clear sky
2025-02-26 22:59:22,-6.24,86,clear sky
2025-02-26 23:31:24,-4.24,80,clear sky
2025-02-26 23:43:46,-4.24,80,clear sky
2025-02-26 23:55:45,-4.24,80,clear sky
2025-02-27 02:59:00,8.76,25,clear sky
2025-02-27 03:44:24,9.76,16,clear sky
2025-02-27 03:56:45,9.76,16,clear sky
2025-02-27 04:40:03,11.76,13,clear sky
2025-02-27 04:52:17,11.76,13,clear sky
2025-02-27 05:35:38,12.76,11,clear sky
2025-02-27 05:48:06,12.76,11,clear sky
2025-02-27 06:00:26,12.76,11,clear sky
2025-02-27 06:46:39,12.76,11,few clouds
2025-02-27 06:59:01,12.76,11,few clouds
2025-02-27 07:28:08,12.76,13,clear sky
2025-02-27 07:40:03,12.76,13,clear sky
2025-02-27 07:52:13,12.76,13,clear sky
2025-02-27 08:39:27,11.76,16,clear sky
2025-02-27 08:52:59,11.76,16,clear sky
2025-02-27 09:31:37,10.76,19,clear sky
2025-02-27 09:43:44,10.76,19,clear sky
2025-02-27 09:56:12,10.76,19,clear sky
2025-02-27 10:39:34,6.76,31,clear sky
2025-02-27 10:51:39,6.76,31,clear sky
2025-02-27 11:24:00,7.3,17,broken clouds
2025-02-27 11:39:41,2.76,41,clear sky
2025-02-27 11:58:04,2.76,41,clear sky
2025-02-27 13:05:35,2.76,41,clear sky
2025-02-27 13:40:23,-0.24,51,clear sky
2025-02-27 13:52:59,-0.24,51,clear sky
2025-02-27 14:37:27,-0.24,59,clear sky
2025-02-27 14:49:36,-0.24,59,clear sky
2025-02-27 15:33:10,0.76,60,broken clouds
2025-02-27 15:45:34,0.76,60,broken clouds
2025-02-27 15:57:36,0.76,60,broken clouds
2025-02-27 16:46:46,-0.24,69,broken clouds
2025-02-27 16:58:54,-0.24,69,broken clouds
2025-02-27 17:33:29,0.76,75,broken clouds
2025-02-27 17:45:48,0.76,75,broken clouds
2025-02-27 17:57:53,0.76,75,broken clouds
2025-02-27 18:46:06,0.76,64,broken clouds
2025-02-27 18:58:12,0.76,64,broken clouds
2025-02-27 19:23:58,-0.24,64,scattered clouds
2025-02-27 19:39:09,-0.24,64,scattered clouds
2025-02-27 19:51:40,-0.24,64,scattered clouds
2025-02-27 20:32:06,-0.24,69,broken clouds
2025-02-27 20:44:10,-0.24,69,broken clouds
2025-02-27 20:56:29,-0.24,69,broken clouds
2025-02-27 21:28:52,-0.24,80,broken clouds
2025-02-27 21:40:57,-0.24,80,broken clouds
2025-02-27 21:53:38,-0.24,80,broken clouds
2025-02-27 22:37:03,1.76,64,broken clouds
2025-02-27 22:49:06,1.76,64,broken clouds
2025-02-27 23:27:17,1.76,75,broken clouds
2025-02-27 23:40:02,1.76,75,broken clouds
2025-02-27 23:52:18,1.76,75,broken clouds
2025-02-28 02:58:36,9.76,40,broken clouds
2025-02-28 03:43:32,10.76,58,broken clouds
2025-02-28 03:55:33,10.76,58,broken clouds
2025-02-28 04:39:27,10.76,62,broken clouds
2025-02-28 04:51:54,10.76,62,broken clouds
2025-02-28 05:36:01,10.76,62,broken clouds
2025-02-28 05:48:17,10.76,62,broken clouds
2025-02-28 06:42:07,11.76,58,broken clouds
2025-02-28 06:54:35,11.76,58,broken clouds
2025-02-28 07:27:41,11.76,58,broken clouds
2025-02-28 07:39:51,11.76,58,broken clouds
2025-02-28 07:51:52,11.76,58,broken clouds
2025-02-28 08:38:30,10.76,66,scattered clouds
2025-02-28 08:51:08,10.76,66,scattered clouds
2025-02-28 09:31:08,9.76,71,clear sky
2025-02-28 09:43:16,9.76,71,clear sky
2025-02-28 09:55:25,9.76,71,clear sky
2025-02-28 10:38:46,4.76,87,clear sky
2025-02-28 10:50:53,4.76,87,clear sky
2025-02-28 11:23:30,4.76,100,clear sky
2025-02-28 11:38:43,4.76,100,clear sky
2025-02-28 11:50:55,4.76,100,clear sky
2025-02-28 13:03:52,3.76,100,clear sky
2025-02-28 13:38:05,3.76,100,mist
2025-02-28 13:50:04,3.76,100,mist
2025-02-28 14:35:03,0.76,100,mist
2025-02-28 14:47:22,0.76,100,mist
2025-02-28 14:59:27,0.76,100,mist
2025-02-28 15:34:42,0.76,100,fog
2025-02-28 15:46:55,0.76,100,fog
2025-02-28 15:59:03,0.76,100,fog
2025-02-28 16:44:39,-1.24,100,fog
2025-02-28 16:57:07,-0.24,93,fog
2025-02-28 17:31:36,-0.24,100,fog
2025-02-28 17:43:38,-0.24,100,fog
2025-02-28 17:55:34,-0.24,100,fog
2025-02-28 18:44:50,-1.24,100,fog
2025-02-28 18:57:04,-1.24,100,fog
2025-02-28 19:25:08,-0.24,100,fog
2025-02-28 19:39:02,-0.24,100,fog
2025-02-28 19:51:24,-0.24,100,fog
2025-02-28 20:31:45,-0.24,100,fog
2025-02-28 20:44:40,-0.24,100,fog
2025-02-28 20:56:56,-0.24,100,fog
2025-02-28 21:28:01,-1.24,100,fog
2025-02-28 21:40:08,-1.24,100,fog
2025-02-28 21:52:08,-1.24,100,fog
2025-02-28 22:34:10,-1.24,100,fog
2025-02-28 22:46:32,-0.24,100,fog
2025-02-28 22:58:51,-0.24,93,fog
2025-02-28 23:28:16,-0.24,100,fog
2025-02-28 23:40:42,-0.24,100,fog
2025-02-28 23:53:04,-0.24,100,fog
2025-03-01 03:04:34,8.76,71,mist
2025-03-01 03:48:00,13.76,44,haze
2025-03-01 04:00:21,13.76,44,haze
2025-03-01 04:37:35,12.76,47,haze
2025-03-01 04:49:53,12.76,47,haze
2025-03-01 05:31:18,11.76,54,light rain
2025-03-01 05:43:33,11.76,54,moderate rain
2025-03-01 05:55:54,11.76,54,moderate rain
2025-03-01 06:43:16,10.76,82,moderate rain
2025-03-01 06:55:42,10.76,82,light rain
2025-03-01 07:26:09,11.76,66,overcast clouds
2025-03-01 07:38:39,11.76,66,haze
2025-03-01 07:51:09,11.76,66,haze
2025-03-01 08:36:15,11.76,62,haze
2025-03-01 08:48:46,11.76,62,haze
2025-03-01 09:27:29,10.76,71,overcast clouds
2025-03-01 09:39:52,10.76,71,haze
2025-03-01 09:52:09,10.76,71,haze
2025-03-01 10:33:39,9.76,76,broken clouds
2025-03-01 10:45:53,9.76,76,broken clouds
2025-03-01 10:57:58,9.76,76,broken clouds
2025-03-01 11:22:20,7.58,65,overcast clouds
2025-03-01 11:39:28,7.76,81,broken clouds
2025-03-01 11:51:28,7.76,81,broken clouds
2025-03-01 12:59:21,5.76,100,mist
2025-03-01 13:31:06,6.76,93,mist
2025-03-01 13:43:13,6.76,93,mist
2025-03-01 13:55:25,6.76,93,mist
2025-03-01 14:32:01,6.76,87,mist
2025-03-01 14:44:02,6.76,87,mist
2025-03-01 14:56:11,6.76,87,mist
2025-03-01 15:31:18,3.76,100,mist
2025-03-01 15:43:29,3.76,100,mist
2025-03-01 15:55:50,3.76,100,mist
2025-03-01 16:37:58,3.76,100,mist
2025-03-01 16:49:59,3.76,100,mist
2025-03-01 17:27:14,3.76,100,mist
2025-03-01 17:39:13,3.76,100,mist
2025-03-01 17:51:44,3.76,100,mist
2025-03-01 18:38:06,3.76,100,mist
2025-03-01 18:50:24,3.76,100,mist
2025-03-01 19:19:11,4.76,100,mist
2025-03-01 19:35:32,4.76,100,mist
2025-03-01 19:47:47,4.76,100,mist
2025-03-01 19:59:47,4.76,100,mist
2025-03-01 20:30:16,5.76,93,mist
2025-03-01 20:42:18,5.76,93,mist
2025-03-01 20:54:24,5.76,93,mist
2025-03-01 21:28:37,4.76,100,mist
2025-03-01 21:40:33,4.76,100,mist
2025-03-01 21:52:33,4.76,100,mist
2025-03-01 22:31:46,4.76,100,mist
2025-03-01 22:43:51,4.76,100,mist
2025-03-01 22:56:04,4.76,100,mist
2025-03-01 23:28:27,5.76,87,mist
2025-03-01 23:40:42,5.76,87,mist
2025-03-01 23:52:44,5.76,87,mist
2025-03-02 03:01:30,10.76,62,broken clouds
2025-03-02 03:44:34,12.76,54,broken clouds
2025-03-02 03:56:50,12.76,54,broken clouds
2025-03-02 04:36:09,14.76,41,clear sky
2025-03-02 04:48:17,14.76,41,clear sky
2025-03-02 05:32:47,8.99,45,overcast clouds
2025-03-02 05:44:51,13.76,41,clear sky
2025-03-02 05:57:01,13.76,41,clear sky
2025-03-02 06:42:03,13.76,35,moderate rain
2025-03-02 06:54:07,13.76,35,moderate rain
2025-03-02 07:24:53,10.76,62,moderate rain
2025-03-02 07:38:29,10.76,62,moderate rain
2025-03-02 07:50:42,10.76,62,moderate rain
2025-03-02 08:33:45,7.76,93,moderate rain
2025-03-02 08:46:02,7.76,93,moderate rain
2025-03-02 08:58:09,7.76,93,moderate rain
2025-03-02 09:30:33,6.76,100,moderate rain
2025-03-02 09:42:58,6.76,100,moderate rain
2025-03-02 09:55:24,6.76,100,moderate rain
2025-03-02 10:35:05,5.76,93,moderate rain
2025-03-02 10:47:47,5.76,93,moderate rain
2025-03-02 10:59:56,5.76,93,moderate rain
2025-03-02 11:23:23,4.3,82,light rain
2025-03-02 11:38:08,4.76,93,light rain
2025-03-02 11:50:06,4.76,93,moderate rain
2025-03-02 12:58:05,4.76,87,moderate rain
2025-03-02 13:30:26,2.88,80,moderate rain
2025-03-02 13:42:48,3.76,93,light rain
2025-03-02 13:55:17,3.76,93,light rain
2025-03-02 14:31:51,2.76,93,moderate rain
2025-03-02 14:43:56,2.76,93,moderate rain
2025-03-02 14:56:14,2.76,93,moderate rain
2025-03-02 15:29:14,2.76,93,moderate rain
2025-03-02 15:41:43,2.76,93,moderate rain
2025-03-02 15:53:47,2.76,93,moderate rain
2025-03-02 16:38:02,2.76,93,moderate rain
2025-03-02 16:50:06,2.76,93,moderate rain
2025-03-02 17:28:10,2.76,93,moderate rain
2025-03-02 17:40:18,2.76,93,moderate rain
2025-03-02 17:52:36,2.76,93,moderate rain
2025-03-02 18:41:21,1.76,100,light rain
2025-03-02 18:53:17,1.76,100,light rain
2025-03-02 19:19:44,0.25,98,snow
2025-03-02 19:35:36,1.76,100,moderate rain
2025-03-02 19:48:14,1.76,100,moderate rain
2025-03-02 20:27:48,0.76,100,moderate rain
2025-03-02 20:42:03,0.76,100,light rain
2025-03-02 20:54:03,0.76,100,light rain
2025-03-02 21:25:57,0.76,100,snow
2025-03-02 21:38:51,0.76,100,snow
2025-03-02 21:50:55,0.76,100,snow
2025-03-02 22:31:58,0.76,100,light snow
2025-03-02 22:44:12,0.76,100,overcast clouds
2025-03-02 22:56:14,0.76,100,overcast clouds
2025-03-02 23:26:59,1.76,93,broken clouds
2025-03-02 23:39:54,1.76,93,mist
2025-03-02 23:52:18,1.76,93,mist
2025-03-03 03:01:06,4.76,65,clear sky
2025-03-03 03:46:40,5.76,56,clear sky
2025-03-03 03:58:42,5.76,56,clear sky
2025-03-03 04:41:26,6.76,57,clear sky
2025-03-03 04:53:32,6.76,57,clear sky
2025-03-03 05:36:01,6.76,57,clear sky
2025-03-03 05:48:30,6.76,57,clear sky
2025-03-03 06:45:21,5.76,52,clear sky
2025-03-03 06:57:34,5.76,52,clear sky
2025-03-03 07:29:44,4.76,52,clear sky
2025-03-03 07:41:51,4.76,52,clear sky
2025-03-03 07:54:06,4.76,52,clear sky
2025-03-03 08:40:07,4.76,52,clear sky
2025-03-03 08:53:20,4.76,52,clear sky
2025-03-03 09:35:20,3.76,52,clear sky
2025-03-03 09:47:38,3.76,52,clear sky
2025-03-03 09:59:37,3.76,52,clear sky
2025-03-03 10:41:53,2.76,56,clear sky
2025-03-03 10:53:59,2.76,56,clear sky
2025-03-03 11:25:58,1.76,55,clear sky
2025-03-03 11:39:51,1.76,55,clear sky
2025-03-03 11:52:07,1.76,55,clear sky
2025-03-03 13:14:31,1.76,51,clear sky
2025-03-03 13:42:39,1.76,51,clear sky
2025-03-03 13:54:48,1.76,51,clear sky
2025-03-03 14:38:36,1.76,48,clear sky
2025-03-03 14:51:03,1.76,48,clear sky
2025-03-03 15:32:59,1.76,51,clear sky
2025-03-03 15:45:38,1.76,51,clear sky
2025-03-03 15:57:47,1.76,51,clear sky
2025-03-03 16:46:11,1.76,55,clear sky
2025-03-03 16:58:22,1.76,55,clear sky
2025-03-03 17:32:59,1.76,51,clear sky
2025-03-03 17:45:01,1.76,51,clear sky
2025-03-03 17:57:06,1.76,51,clear sky
2025-03-03 18:44:57,1.76,51,clear sky
2025-03-03 18:56:58,1.76,51,clear sky
2025-03-03 19:23:30,1.76,55,clear sky
2025-03-03 19:38:57,1.76,55,clear sky
2025-03-03 19:51:26,1.76,55,clear sky
2025-03-03 20:32:09,1.76,55,clear sky
2025-03-03 20:46:18,1.76,55,clear sky
2025-03-03 20:58:35,1.76,55,snow
2025-03-03 21:31:01,1.76,55,clear sky
2025-03-03 21:43:44,1.76,55,clear sky
2025-03-03 21:55:47,1.76,55,clear sky
2025-03-03 22:36:01,2.76,52,clear sky
2025-03-03 22:48:31,2.76,52,light rain
2025-03-03 23:26:37,2.76,56,light rain
2025-03-03 23:40:25,2.76,56,light rain
2025-03-03 23:52:43,2.76,56,snow
2025-03-04 03:01:16,0.76,100,snow
2025-03-04 03:47:00,0.76,100,snow
2025-03-04 03:59:10,0.76,100,snow
2025-03-04 04:41:09,1.76,100,snow
2025-03-04 04:53:22,1.76,100,snow
2025-03-04 05:33:51,1.76,100,light rain
2025-03-04 05:46:03,1.76,100,light rain
2025-03-04 05:58:14,1.76,100,light rain
2025-03-04 06:46:41,2.76,87,light rain
2025-03-04 06:59:08,2.76,87,light rain
2025-03-04 07:29:57,2.76,93,light rain
2025-03-04 07:42:26,2.76,93,broken clouds
2025-03-04 07:54:38,2.76,93,broken clouds
2025-03-04 08:41:36,3.76,81,broken clouds
2025-03-04 08:55:02,3.76,81,broken clouds
2025-03-04 09:32:59,3.76,70,broken clouds
2025-03-04 09:45:26,3.76,70,broken clouds
2025-03-04 09:57:34,3.76,70,broken clouds
2025-03-04 10:41:48,2.76,81,broken clouds
2025-03-04 10:54:04,2.76,81,broken clouds
2025-03-04 11:25:07,1.76,87,broken clouds
2025-03-04 11:39:51,1.76,87,broken clouds
2025-03-04 11:52:19,1.76,87,broken clouds
2025-03-04 13:13:54,1.76,87,clear sky
2025-03-04 13:42:37,1.76,80,clear sky
2025-03-04 13:54:56,1.76,80,clear sky
2025-03-04 14:38:33,1.76,75,clear sky
2025-03-04 14:50:31,1.76,75,snow
2025-03-04 15:34:53,1.76,75,clear sky
2025-03-04 15:47:09,1.76,75,light snow
2025-03-04 15:59:16,1.76,75,light snow
2025-03-04 16:48:05,1.76,75,clear sky
2025-03-04 17:00:20,1.76,75,clear sky
2025-03-04 17:33:48,1.76,75,clear sky
2025-03-04 17:46:00,1.76,75,clear sky
2025-03-04 17:58:24,1.76,75,clear sky
2025-03-04 18:47:43,1.76,75,clear sky
2025-03-04 18:59:46,1.76,75,clear sky
2025-03-04 19:23:32,1.15,76,overcast clouds
2025-03-04 19:39:00,1.76,75,clear sky
2025-03-04 19:51:29,1.76,75,clear sky
2025-03-04 20:31:35,1.76,75,clear sky
2025-03-04 20:43:41,1.76,75,clear sky
2025-03-04 20:56:18,1.76,75,clear sky
2025-03-04 21:29:20,1.76,75,clear sky
2025-03-04 21:41:39,1.76,75,clear sky
2025-03-04 21:53:56,1.76,75,light snow
2025-03-04 22:32:22,1.76,75,snow
2025-03-04 22:44:23,1.76,75,clear sky
2025-03-04 22:56:43,1.76,75,light snow
2025-03-04 23:28:50,1.76,75,clear sky
2025-03-04 23:40:52,1.76,75,clear sky
2025-03-04 23:52:56,1.76,75,clear sky
2025-03-05 02:59:43,4.76,65,clear sky
2025-03-05 03:45:00,4.76,65,clear sky
2025-03-05 03:57:08,4.76,65,clear sky
2025-03-05 04:39:21,5.76,65,clear sky
2025-03-05 04:51:50,5.76,65,clear sky
2025-03-05 05:35:50,6.76,61,clear sky
2025-03-05 05:48:14,6.76,61,clear sky
2025-03-05 06:43:37,7.76,57,broken clouds
2025-03-05 06:55:43,7.76,57,broken clouds
2025-03-05 07:30:17,7.76,57,broken clouds
2025-03-05 07:42:55,7.76,57,broken clouds
2025-03-05 07:55:20,7.76,57,broken clouds
2025-03-05 08:43:17,7.76,57,clear sky
2025-03-05 08:55:26,7.76,57,clear sky
2025-03-05 09:33:55,6.76,61,clear sky
2025-03-05 09:46:03,6.76,61,clear sky
2025-03-05 09:58:15,6.76,61,clear sky
2025-03-05 10:40:53,4.76,65,few clouds
2025-03-05 10:53:04,4.76,65,few clouds
2025-03-05 11:25:04,3.76,75,few clouds
2025-03-05 11:39:46,3.76,75,few clouds
2025-03-05 11:52:04,3.76,75,few clouds
2025-03-05 13:14:44,4.88,48,clear sky
2025-03-05 13:42:09,1.76,93,clear sky
2025-03-05 13:54:34,1.76,93,clear sky
2025-03-05 14:37:56,1.76,87,clear sky
2025-03-05 14:50:14,1.76,87,clear sky
2025-03-05 15:32:07,0.76,80,clear sky
2025-03-05 15:45:35,0.76,80,clear sky
2025-03-05 15:58:02,0.76,80,clear sky
2025-03-05 16:53:30,-0.24,80,clear sky
2025-03-05 17:32:32,-1.24,93,clear sky
2025-03-05 17:45:04,-1.24,93,clear sky
2025-03-05 17:57:17,-1.24,93,clear sky
2025-03-05 18:47:47,-2.24,93,clear sky
2025-03-05 18:59:53,-2.24,93,clear sky
2025-03-05 19:24:38,1.97,53,clear sky
2025-03-05 19:40:01,-2.24,86,clear sky
2025-03-05 19:52:29,-2.24,86,clear sky
2025-03-05 20:32:56,-1.24,80,clear sky
2025-03-05 20:45:32,-1.24,80,clear sky
2025-03-05 20:57:50,-1.24,80,clear sky
2025-03-05 21:29:48,-3.24,86,clear sky
2025-03-05 21:41:51,-3.24,86,clear sky
2025-03-05 21:54:00,-3.24,86,clear sky
2025-03-05 22:36:04,-1.24,86,clear sky
2025-03-05 22:48:38,-1.24,86,clear sky
2025-03-05 23:28:49,-0.24,80,clear sky
2025-03-05 23:41:25,-0.24,80,clear sky
2025-03-05 23:53:30,-0.24,80,clear sky
2025-03-06 03:00:49,5.76,56,clear sky
2025-03-06 03:46:16,6.76,53,clear sky
2025-03-06 03:58:16,6.76,53,clear sky
2025-03-06 04:41:38,7.76,46,clear sky
2025-03-06 04:53:41,7.76,46,clear sky
2025-03-06 05:35:38,8.76,40,clear sky
2025-03-06 05:48:10,8.76,40,clear sky
2025-03-06 06:00:16,8.76,40,clear sky
2025-03-06 06:47:16,8.76,40,clear sky
2025-03-06 06:59:37,8.76,40,clear sky
2025-03-06 07:25:36,9.76,37,clear sky
2025-03-06 07:41:29,9.76,37,clear sky
2025-03-06 07:53:39,9.76,37,clear sky
2025-03-06 08:23:23,8.76,40,clear sky
2025-03-06 08:43:39,8.76,40,clear sky
2025-03-06 08:56:00,8.76,40,clear sky
2025-03-06 09:25:09,6.76,53,clear sky
2025-03-06 09:41:03,6.76,53,clear sky
2025-03-06 09:53:22,6.76,53,clear sky
2025-03-06 10:18:53,7.77,30,scattered clouds
2025-03-06 10:40:30,5.76,45,clear sky
2025-03-06 10:52:45,5.76,45,clear sky
2025-03-06 11:13:44,4.76,45,clear sky
2025-03-06 11:27:45,4.76,45,clear sky
2025-03-06 11:40:20,4.76,45,clear sky
2025-03-06 11:52:34,4.76,45,clear sky
2025-03-06 12:32:34,2.76,52,clear sky
2025-03-06 13:03:50,2.76,52,clear sky
2025-03-06 13:32:49,2.76,52,clear sky
2025-03-06 13:45:04,2.76,52,clear sky
2025-03-06 13:57:22,2.76,52,clear sky
2025-03-06 14:24:56,-0.24,64,clear sky
2025-03-06 14:42:14,-0.24,64,clear sky
2025-03-06 14:54:49,-0.24,64,clear sky
2025-03-06 15:22:16,4.07,38,clear sky
2025-03-06 15:39:42,0.76,60,clear sky
2025-03-06 15:51:58,0.76,60,clear sky
2025-03-06 16:18:33,0.76,60,clear sky
2025-03-06 16:42:28,-1.24,74,clear sky
2025-03-06 16:55:30,-1.24,74,clear sky
2025-03-06 17:19:47,-2.24,86,clear sky
2025-03-06 17:36:18,-2.24,86,clear sky
2025-03-06 17:48:35,-2.24,86,clear sky
2025-03-06 18:10:49,2.95,42,clear sky
2025-03-06 18:39:31,-2.24,86,clear sky
2025-03-06 18:52:22,-2.24,86,clear sky
2025-03-06 19:12:25,-2.24,86,clear sky
2025-03-06 19:25:20,2.76,40,clear sky
2025-03-06 19:38:44,-3.24,86,clear sky
2025-03-06 19:51:08,-3.24,86,mist
